,Data_Set,T-LCW,LSGA,LCW,SO,SA_alpha,SA_exp,SA_lin,SA_log
0,Geo/Geo_n010_ss_06.txt,1161.7729921340942,1161.7729921340942,1161.7729921340942,1161.7729921340942,1161.773,1156.1299999999997,1161.773,1161.773
1,Geo/Geo_n012_ss_06.txt,1482.2839965820312,1482.2839965820312,1482.2839965820312,1482.2839965820312,1482.2840000000003,1401.991,1482.284,1482.2839999999999
2,Geo/Geo_n030_ss_06.txt,14345.105941772461,14345.105941772461,14345.105941772461,14345.105941772461,14335.776000000003,13840.699000000002,14060.755999999998,14319.014
3,Geo/Geo_n060_ss_06.txt,25212.455932617188,25198.339023590088,25196.826026916504,25224.346046447754,25167.537,24337.778000000006,24800.164999999997,25148.648000000012
4,Geo/Geo_n120_ss_06.txt,125330.6180267334,125272.36196899414,125298.38710784912,125328.51695251465,125152.3949999999,121422.46700000008,122739.46900000014,125040.95000000007
5,Geo/Geo_n240_ss_06.txt,338444.1652832031,338319.6277694702,338307.2632369995,338491.6309814453,338277.27499999973,329993.53300000064,334858.9130000002,337919.4440000007
6,Geo/Geo_n480_ss_06.txt,966237.6719970703,965989.5187759399,965942.0798721313,966255.4838943481,965553.3359999987,946907.2459999997,955850.879999997,964656.6650000014
