,Data_Set,SA_alpha,SA_exp,SA_lin,SA_log
0,Geo/Geo_n010_ss_06.txt,57.12105059623718,0.0049893856048583984,14.44154167175293,3.272749423980713
1,Geo/Geo_n012_ss_06.txt,70.77332520484924,0.005018711090087891,17.661224365234375,4.026105642318726
2,Geo/Geo_n030_ss_06.txt,132.10021710395813,0.008947610855102539,32.030900716781616,7.8195273876190186
3,Geo/Geo_n060_ss_06.txt,282.23459339141846,0.019918441772460938,67.79376888275146,16.38068413734436
4,Geo/Geo_n120_ss_06.txt,644.8389856815338,0.04485177993774414,152.708416223526,37.30423307418823
5,Geo/Geo_n240_ss_06.txt,1929.788230419159,0.11466407775878906,440.3103449344635,107.89938545227051
6,Geo/Geo_n480_ss_06.txt,4743.973082780838,0.2952382564544678,1104.7042617797852,270.5018045902252
