,Data_Set,T-LCW,LSGA,LCW,SO,SA_alpha,SA_exp,SA_lin,SA_log
0,RanReal/RanReal_n010_ss_06.txt,1153.9349975585938,1153.9349975585938,1153.9349975585938,1153.9349975585938,1153.935,1153.9349999999997,1153.935,1153.9349999999997
1,RanReal/RanReal_n012_ss_06.txt,937.3479995727539,937.3479995727539,937.3479995727539,937.3479995727539,937.3480000000002,796.41,937.348,913.267
2,RanReal/RanReal_n030_ss_06.txt,5476.077985286713,5476.077985286713,5476.077985286713,5476.077985286713,5476.078000000001,4360.416999999998,4736.712,5309.1669999999995
3,RanReal/RanReal_n060_ss_06.txt,18549.121960163116,18534.63900732994,18549.121960163116,18552.300013959408,18388.748,14363.523,15692.847000000005,18182.964000000007
4,RanReal/RanReal_n120_ss_06.txt,46779.922015190125,46650.20297694206,46639.94490635395,47100.54600311443,46136.60699999997,36115.265999999996,37980.96199999997,45267.63499999999
5,RanReal/RanReal_n240_ss_06.txt,153066.43603143096,152844.54404201708,151993.83603584766,153950.22307299078,150193.38099999996,114058.74800000027,125632.38200000004,145601.76499999993
6,RanReal/RanReal_n480_ss_06.txt,372254.97589938994,368349.2650054861,368290.90104914084,374725.6549565657,363626.1879999998,280247.5249999996,297131.96799999906,349082.2469999996
